{
  "name": "Ethane",
  "density": 0.001253,
  "molecular_weight": 3.758639539477372,
  "total_atom_density": 0.0002007572764833207,
  "nuclides": [
    {
      "Z": 1,
      "A": 1,
      "element": "H",
      "weight_frac": 0.20107856608127633,
      "atom_frac": 0.74991375,
      "atom_density": 0.00015055064204739385
    },
    {
      "Z": 1,
      "A": 2,
      "element": "H",
      "weight_frac": 4.6217860615386317e-05,
      "atom_frac": 8.625000000000001e-05,
      "atom_density": 1.7315315096686413e-08
    },
    {
      "Z": 6,
      "A": 12,
      "element": "C",
      "weight_frac": 0.7896208106225259,
      "atom_frac": 0.247325,
      "atom_density": 4.9652293406237286e-05
    },
    {
      "Z": 6,
      "A": 13,
      "element": "C",
      "weight_frac": 0.009254405435582445,
      "atom_frac": 0.002675,
      "atom_density": 5.370257145928828e-07
    }
  ]
}