{
  "name": "Kerosene",
  "density": 0.819,
  "molecular_weight": 4.372991609082721,
  "total_atom_density": 0.11278625077157567,
  "nuclides": [
    {
      "Z": 1,
      "A": 1,
      "element": "H",
      "weight_frac": 0.15996266731135983,
      "atom_frac": 0.69408417114,
      "atom_density": 0.07828315138277728
    },
    {
      "Z": 1,
      "A": 2,
      "element": "H",
      "weight_frac": 3.676738105678317e-05,
      "atom_frac": 7.982886e-05,
      "atom_density": 9.003597822769006e-06
    },
    {
      "Z": 6,
      "A": 12,
      "element": "C",
      "weight_frac": 0.830269751732176,
      "atom_frac": 0.30256355479999997,
      "atom_density": 0.03412500896601217
    },
    {
      "Z": 6,
      "A": 13,
      "element": "C",
      "weight_frac": 0.009730813575407487,
      "atom_frac": 0.0032724451999999998,
      "atom_density": 0.00036908682496343906
    }
  ]
}