{
  "name": "Lithium Iodide (Low Density)",
  "density": 3.494,
  "molecular_weight": 66.92249452524939,
  "total_atom_density": 0.031441385986443235,
  "nuclides": [
    {
      "Z": 3,
      "A": 6,
      "element": "Li",
      "weight_frac": 0.0034110055535334066,
      "atom_frac": 0.0379498482,
      "atom_density": 0.001193195825383128
    },
    {
      "Z": 3,
      "A": 7,
      "element": "Li",
      "weight_frac": 0.04844008644356799,
      "atom_frac": 0.46204815180000003,
      "atom_density": 0.014527434285066518
    },
    {
      "Z": 53,
      "A": 127,
      "element": "I",
      "weight_frac": 0.9481489080028987,
      "atom_frac": 0.500002,
      "atom_density": 0.01572075587599359
    }
  ]
}