{
  "name": "P-terphenyl",
  "density": 1.23,
  "molecular_weight": 7.426234252883775,
  "total_atom_density": 0.09974413521797543,
  "nuclides": [
    {
      "Z": 1,
      "A": 1,
      "element": "H",
      "weight_frac": 0.05653998064335909,
      "atom_frac": 0.416619083295,
      "atom_density": 0.04155531017856545
    },
    {
      "Z": 1,
      "A": 2,
      "element": "H",
      "weight_frac": 1.2995701110754727e-05,
      "atom_frac": 4.7916705e-05,
      "atom_density": 4.77941030271984e-06
    },
    {
      "Z": 6,
      "A": 12,
      "element": "C",
      "weight_frac": 0.9325178558851449,
      "atom_frac": 0.5770913368999999,
      "atom_density": 0.05756147634087581
    },
    {
      "Z": 6,
      "A": 13,
      "element": "C",
      "weight_frac": 0.010929167770385237,
      "atom_frac": 0.006241663099999999,
      "atom_density": 0.0006225692882314476
    }
  ]
}