{
  "name": "UO2_4.25%_300K",
  "density": 10.290491940430556,
  "molecular_weight": 269.9187312566519,
  "total_atom_density": 0.02295889997183723,
  "nuclides": [
    {
      "Z": 92,
      "A": 235,
      "element": "U",
      "weight_frac": 0.037461635327535325,
      "atom_frac": 0.014340012055063904,
      "atom_density": 0.0009876927071014567
    },
    {
      "Z": 92,
      "A": 234,
      "element": "U",
      "weight_frac": 0.0003269027384014298,
      "atom_frac": 0.00012567201201960727,
      "atom_density": 8.655873459653068e-06
    },
    {
      "Z": 92,
      "A": 238,
      "element": "U",
      "weight_frac": 0.8436617049348946,
      "atom_frac": 0.3188676492662498,
      "atom_density": 0.02196255139127612
    },
    {
      "Z": 8,
      "A": 16,
      "element": "O",
      "weight_frac": 0.11854975699916868,
      "atom_frac": 0.6666666666666666,
      "atom_density": 0.04591779994367446
    }
  ]
}