{
  "name": "UO2_3.0%_600K",
  "density": 10.31499478727944,
  "molecular_weight": 269.9572377792408,
  "total_atom_density": 0.023010285117553632,
  "nuclides": [
    {
      "Z": 92,
      "A": 235,
      "element": "U",
      "weight_frac": 0.026444014585802596,
      "atom_frac": 0.010123999720019995,
      "atom_density": 0.0006988683602630796
    },
    {
      "Z": 92,
      "A": 234,
      "element": "U",
      "weight_frac": 0.00022412902935972268,
      "atom_frac": 8.617475787649808e-05,
      "atom_density": 5.948717246023113e-06
    },
    {
      "Z": 92,
      "A": 238,
      "element": "U",
      "weight_frac": 0.8547990092449242,
      "atom_frac": 0.3231231588554368,
      "atom_density": 0.022305468040044525
    },
    {
      "Z": 8,
      "A": 16,
      "element": "O",
      "weight_frac": 0.11853284713991337,
      "atom_frac": 0.6666666666666666,
      "atom_density": 0.04602057023510726
    }
  ]
}